session_id,participant_id,win_start_ms,win_end_ms,label,valence_direction,arousal_level,label_confidence,reason,label_type,rmssd,mean_hr,sdnn,pnn50,n_beats,artefact_fraction,hrv_quality,rmssd_z,hr_z,arousal_hrv,fer_valence,fer_arousal,fer_confidence,fer_dominant_emotion,face_coverage,fer_n,fer_quality,plant_n_samples,plant_mean,plant_median,plant_std,plant_iqr,plant_min,plant_max,plant_range,plant_rms,plant_zcr,plant_sat_pos_frac,plant_sat_neg_frac,plant_const_flag,bp_0_1,bp_1_5,bp_5_15,bp_15_30,band_power_sum,plant_quality,plant_dead_flag,plant_suspect_flag
2026-07-06_17-33_proband_06,proband_06,1783352047625,1783352077625,positive activated,positive,activated,0.847,clear,proxy,137.3898489271871,69.92541289291422,136.03069352110182,52.94117647058824,35,0.0294,ok,3.9716796088632726,6.409831883254297,1.219076137195512,0.244,-0.058,0.489,Neutral,1.0,1,ok,3396,1.460235,1.460408,0.011481,0.011516,1.337261,1.578009,0.240748,1.46028,0.193225,0.0,0.0,False,2.1942681509828813e-05,3.269322889273916e-05,1.4462088125698634e-05,1.0435553710088938e-05,7.953355223835553e-05,ok,False,False
2026-07-06_17-33_proband_06,proband_06,1783352052625,1783352082625,positive activated,positive,activated,0.847,clear,proxy,99.10566751368629,66.26527485838469,129.73121924699478,53.333333333333336,31,0.0323,ok,1.8600006013702366,4.795914415822342,1.4679569072260525,0.3070617135106623,-0.09792276392133226,0.49151851851851847,Neutral,1.0,27,ok,3544,1.460329,1.460456,0.011902,0.011412,1.337261,1.578009,0.240748,1.460377,0.209145,0.0,0.0,False,2.3487252661147484e-05,2.6093976196997247e-05,1.5666768257671745e-05,1.271300805822622e-05,7.79610051740427e-05,ok,False,False
2026-07-06_17-33_proband_06,proband_06,1783352057625,1783352087625,neutral,positive,neutral,0.776,hrv_ambiguous,proxy,106.04683415587077,62.667548654388476,163.64231038190104,58.620689655172406,30,0.0333,ok,2.2428614944241745,3.209517097226819,0.48332780140132225,0.28452814054726366,-0.09518796641791044,0.5044705882352941,Neutral,1.0,51,ok,3562,1.460193,1.460085,0.012258,0.010736,1.337261,1.578009,0.240748,1.460245,0.238978,0.0,0.0,False,1.9977864599848864e-05,3.352925308369104e-05,1.7411139776711503e-05,1.4320969051545588e-05,8.523922651179699e-05,ok,False,False
2026-07-06_17-33_proband_06,proband_06,1783352062625,1783352092625,positive calm,positive,calm,0.856,clear,proxy,115.62315635595789,59.11530882652715,181.4736271194839,64.28571428571429,29,0.0,ok,2.771072306626162,1.6431767426806598,-0.5639477819727511,0.2502946883153069,-0.09009379670204412,0.5194605263157894,Neutral,1.0,76,ok,3551,1.460484,1.46032,0.011544,0.009972,1.357066,1.57801,0.220943,1.46053,0.253239,0.0,0.0,False,1.670918916404649e-05,1.054362260367662e-05,1.3534164493925276e-05,1.313007713331736e-05,5.391705339496574e-05,ok,False,False
2026-07-06_17-33_proband_06,proband_06,1783352067625,1783352097625,positive calm,positive,calm,0.856,clear,proxy,99.95239607673986,57.27728342027207,186.14898098483678,66.66666666666666,28,0.0,ok,1.9067044583061572,0.8327096835824148,-0.5369973873618712,0.24224639427749484,-0.08612123391517319,0.5196565656565656,Neutral,1.0,99,ok,3595,1.460133,1.460127,0.011039,0.009944,1.357066,1.564837,0.207771,1.460174,0.259321,0.0,0.0,False,1.7569739091549336e-05,9.438998049727388e-06,1.3177231476718868e-05,1.2956658272634138e-05,5.314262689062973e-05,ok,False,False
2026-07-06_17-33_proband_06,proband_06,1783352072625,1783352102625,positive calm,positive,calm,0.855,clear,proxy,109.38647082706343,53.40819610394057,132.69398571960167,72.0,26,0.0,ok,2.427069185194455,-0.8733428051318449,-1.6502059951631498,0.2308617374829171,-0.07830374891290842,0.515136,Neutral,1.0,125,ok,3643,1.460001,1.459714,0.011221,0.009675,1.342894,1.564837,0.221943,1.460044,0.257276,0.0,0.0,False,1.5660568580127363e-05,8.998575204740912e-06,1.2993356586523229e-05,1.2772618320163612e-05,5.042511869155511e-05,ok,False,False
2026-07-06_17-33_proband_06,proband_06,1783352077625,1783352107625,positive calm,positive,calm,0.854,clear,proxy,101.65013526798673,51.3083632632119,83.41912250797175,70.83333333333334,25,0.0,ok,2.0003483623414136,-1.7992523933408213,-1.8998003778411174,0.24107931232991425,-0.0749524937199079,0.5129664429530201,Neutral,1.0,149,ok,3770,1.459456,1.459139,0.010828,0.009536,1.341455,1.564837,0.223382,1.459496,0.244097,0.0,0.0,False,1.5732078065545582e-05,9.709671356671093e-06,1.1971377848477708e-05,1.236547486133579e-05,4.977860213203017e-05,ok,False,False
2026-07-06_17-33_proband_06,proband_06,1783352082625,1783352112625,positive calm,positive,calm,0.855,clear,proxy,98.25945247150526,50.573818323283405,69.28958185648224,64.0,26,0.0,ok,1.8133250692203353,-2.123145890793777,-1.9682354800070563,0.2924654514680034,-0.06666761278562594,0.5154697986577181,Neutral,1.0,149,ok,3564,1.459312,1.458902,0.01126,0.009935,1.341455,1.564837,0.223382,1.459356,0.228179,0.0,0.0,False,1.7464139448265012e-05,1.0091121934816377e-05,1.3407438057327682e-05,1.2891128229015463e-05,5.385382766942453e-05,ok,False,False
2026-07-06_17-33_proband_06,proband_06,1783352087625,1783352117625,positive calm,positive,calm,0.854,clear,proxy,93.8214172421912,50.80268238162975,67.91016124262995,62.5,25,0.0,ok,1.5685319070775992,-2.022229559784416,-1.7953807334310077,0.3504705583558003,-0.061187798747053226,0.5118600000000001,Neutral,1.0,150,ok,3643,1.45925,1.458974,0.010911,0.009903,1.341455,1.561481,0.220026,1.459291,0.239978,0.0,0.0,False,1.554161418707748e-05,1.0595824653044107e-05,1.3229040711489637e-05,1.2145692901451896e-05,5.151217245306312e-05,ok,False,False
2026-07-06_17-33_proband_06,proband_06,1783352092625,1783352122625,positive calm,positive,calm,0.856,clear,proxy,99.8929426936658,51.79970779652012,72.96781166008434,68.0,26,0.0,ok,1.9034251284020927,-1.5825967597684503,-1.7430109440852715,0.44112502246758245,-0.0579439337527282,0.5192666666666667,Neutral,1.0,150,ok,3646,1.459524,1.459237,0.011151,0.010465,1.341455,1.561481,0.220026,1.459567,0.224143,0.0,0.0,False,1.727731027819679e-05,1.1298367081655782e-05,1.4458168694726244e-05,1.3728818145469322e-05,5.676266420004814e-05,ok,False,False
2026-07-06_17-33_proband_06,proband_06,1783352097625,1783352127625,positive calm,positive,calm,0.865,clear,proxy,101.21916814516902,52.398226521563885,73.87390504199603,72.0,26,0.0,ok,1.9765770763278934,-1.3186832636597163,-1.6476301699938047,0.5456979328445359,-0.05756755878209991,0.5500728476821192,Happiness,1.0,151,ok,3596,1.459512,1.459254,0.011055,0.010363,1.341455,1.582607,0.241152,1.459554,0.225313,0.0,0.0,False,1.9107020615229764e-05,9.958453195799426e-06,1.1752076592357834e-05,1.1425331117232789e-05,5.224288152061981e-05,ok,False,False
2026-07-06_17-33_proband_06,proband_06,1783352102625,1783352132625,positive calm,positive,calm,0.873,clear,proxy,93.94956093564248,52.493438320209975,69.76818759291372,64.0,26,0.0,ok,1.5756000573530615,-1.276700151686648,-1.4261501045198548,0.6411046536982843,-0.05322949446261548,0.5770529801324503,Happiness,1.0,151,ok,3515,1.459582,1.459175,0.010819,0.010047,1.352467,1.562187,0.20972,1.459622,0.243597,0.0,0.0,False,1.7604466031218972e-05,9.51264811091238e-06,1.160622784928916e-05,1.1771467527097845e-05,5.0494809518518355e-05,ok,False,False
2026-07-06_17-33_proband_06,proband_06,1783352107625,1783352137625,positive calm,positive,calm,0.868,clear,proxy,95.0107281391868,53.731343283582085,77.45023215935807,61.53846153846154,27,0.0,ok,1.6341319215442178,-0.7308528572515455,-1.1824923893978816,0.661110403896608,-0.05733155287833688,0.5591907894736842,Happiness,1.0,152,ok,3468,1.45957,1.45927,0.011017,0.010048,1.352467,1.562187,0.20972,1.459612,0.252668,0.0,0.0,False,1.7742568729245922e-05,9.75031117334626e-06,1.4822143741841632e-05,1.4013749248827372e-05,5.6328772893261185e-05,ok,False,False
2026-07-06_17-33_proband_06,proband_06,1783352112625,1783352142625,positive calm,positive,calm,0.862,clear,proxy,104.7603968145441,54.14464354776331,74.78052543361129,62.96296296296296,28,0.0,ok,2.1719041792136498,-0.5486104091898683,-1.360257294201759,0.6434491441940648,-0.0604352789065386,0.5414,Happiness,1.0,150,ok,3643,1.459752,1.459583,0.010803,0.009649,1.352467,1.586575,0.234108,1.459792,0.260571,0.0,0.0,False,1.5324294249158484e-05,8.516280818958124e-06,1.2293572424310605e-05,1.235932230657117e-05,4.849346979899838e-05,ok,False,False
2026-07-06_17-33_proband_06,proband_06,1783352117625,1783352147625,positive calm,positive,calm,0.857,clear,proxy,106.60050031152136,54.60928357820829,77.25372202125646,59.25925925925925,28,0.0,ok,2.2734006141044096,-0.3437299773239532,-1.3085652957141813,0.613446650565654,-0.06343953222321089,0.5244666666666666,Happiness,1.0,150,ok,3596,1.459781,1.459407,0.010764,0.009023,1.352467,1.586575,0.234108,1.459821,0.262309,0.0,0.0,False,1.4306280726093899e-05,8.85360985928691e-06,1.3891275880962514e-05,1.4377287104900616e-05,5.142845357124394e-05,ok,False,False
2026-07-06_17-33_proband_06,proband_06,1783352122625,1783352152625,positive calm,positive,calm,0.851,clear,proxy,94.79920299711854,54.6448087431694,74.50577904505872,51.85185185185185,28,0.0,ok,1.6224646170447936,-0.32806535382526514,-0.9752649854350294,0.5535662885880906,-0.0659432213364721,0.5017718120805369,Happiness,1.0,149,ok,3584,1.459487,1.459051,0.011041,0.00904,1.352467,1.586575,0.234108,1.459529,0.281608,0.0,0.0,False,1.1678841132219562e-05,8.77447495838276e-06,1.5338902717873767e-05,1.5017387215727176e-05,5.080960602420327e-05,ok,False,False
2026-07-06_17-33_proband_06,proband_06,1783352127625,1783352157625,positive calm,positive,calm,0.84,clear,proxy,85.86147161382868,54.4080604534005,72.44856707896211,42.30769230769231,27,0.0,ok,1.1294771992689194,-0.4324581927395435,-0.7809676960042314,0.4364680192819628,-0.0642700338153824,0.4664093959731543,Neutral,1.0,149,ok,3580,1.459644,1.458952,0.010858,0.009401,1.352467,1.586575,0.234108,1.459684,0.27354,0.0,0.0,False,1.4455000780018763e-05,8.698973950201977e-06,1.484583086096857e-05,1.3840984310890983e-05,5.1840789902080294e-05,ok,False,False
2026-07-06_17-33_proband_06,proband_06,1783352132625,1783352162625,positive calm,positive,calm,0.827,clear,proxy,91.77064809541149,54.6643672924869,72.03360290232571,55.55555555555556,28,0.0,ok,1.4554155755647107,-0.31944112050855566,-0.8874283480366332,0.3476932952924394,-0.07422198446663497,0.42342281879194626,Neutral,1.0,149,ok,3671,1.459498,1.458938,0.011013,0.009577,1.345729,1.586575,0.240846,1.45954,0.265668,0.0,0.0,False,1.72064944869348e-05,8.692343345373983e-06,1.5242206980532256e-05,1.449599312695949e-05,5.563703793980053e-05,ok,False,False
2026-07-06_17-33_proband_06,proband_06,1783352137625,1783352167625,positive calm,positive,calm,0.829,clear,proxy,75.1849002843605,54.27499329938354,58.93044816389674,53.84615384615385,27,0.0,ok,0.5405788418786951,-0.4911334126857332,-0.5158561272822142,0.34570215219661193,-0.0667838296943912,0.43065100671140943,Contempt,1.0,149,ok,3697,1.45958,1.458934,0.010773,0.009098,1.345729,1.586613,0.240884,1.45962,0.270563,0.0,0.0,False,1.5920801996597662e-05,8.915955299701721e-06,1.529581022338008e-05,1.4534392997210468e-05,5.4666960516889924e-05,ok,False,False
2026-07-06_17-33_proband_06,proband_06,1783352142625,1783352172625,positive calm,positive,calm,0.834,clear,proxy,78.51802340864167,53.80980304232349,64.35245497677974,56.00000000000001,26,0.0,ok,0.7244272584064688,-0.6962564639110077,-0.7103418611587382,0.29432579341317355,-0.057430134730538915,0.4453333333333334,Neutral,1.0,150,ok,3637,1.459587,1.459143,0.010889,0.009146,1.345729,1.576405,0.230676,1.459628,0.280528,0.0,0.0,False,1.664851694986951e-05,8.885314523877334e-06,1.424845617939564e-05,1.3893182793751202e-05,5.3675470446893684e-05,ok,False,False
2026-07-06_17-33_proband_06,proband_06,1783352147625,1783352177625,positive calm,positive,calm,0.837,clear,proxy,78.05298989000505,52.918694672198086,65.05029831246979,57.692307692307686,27,0.0,ok,0.6987769380175036,-1.089185733340887,-0.8939813356791952,0.23957897501751108,-0.04442317009105767,0.4568533333333334,Neutral,1.0,150,ok,3514,1.459716,1.459218,0.010728,0.00959,1.345729,1.576405,0.230676,1.459755,0.270993,0.0,0.0,False,1.7182128792024828e-05,8.714742231737987e-06,1.3291708069738078e-05,1.3061970681696892e-05,5.225054977519779e-05,ok,False,False
2026-07-06_17-33_proband_06,proband_06,1783352152625,1783352182625,positive calm,positive,calm,0.837,clear,proxy,76.38141135119199,52.48460787941998,58.84625339358096,60.0,26,0.0,ok,0.6065760033373998,-1.2805938853386698,-0.9435849443380349,0.2785786025566531,-0.028857350377687396,0.45589403973509934,Neutral,1.0,151,ok,3621,1.459513,1.459372,0.010716,0.008759,1.345729,1.576405,0.230676,1.459553,0.270994,0.0,0.0,False,1.3999914347924295e-05,8.866579214151842e-06,1.3675592878793923e-05,1.3273174241436475e-05,4.9815260682306535e-05,ok,False,False
2026-07-06_17-33_proband_06,proband_06,1783352157625,1783352187625,positive calm,positive,calm,0.832,clear,proxy,74.764965057171,52.33494363929146,57.65430132729441,60.0,26,0.0,ok,0.5174160532014331,-1.3465874979059076,-0.9320017755536704,0.3027308033766195,-0.01990669154490874,0.44011258278145693,Contempt,1.0,151,ok,3699,1.459539,1.459311,0.010673,0.008307,1.345729,1.576375,0.230646,1.459578,0.271769,0.0,0.0,False,1.0427359867845274e-05,9.077846656692205e-06,1.3941736420142229e-05,1.3968556215065684e-05,4.741549915974539e-05,ok,False,False
2026-07-06_17-33_proband_06,proband_06,1783352162625,1783352192625,positive calm,positive,calm,0.833,clear,proxy,75.55764907230328,51.585391017263916,55.074434480376944,58.333333333333336,25,0.0,ok,0.5611389207808829,-1.6770985491387522,-1.1191187349598175,0.2877323003141552,-0.01433987949795875,0.44222147651006716,Contempt,1.0,149,ok,3607,1.459534,1.459258,0.010737,0.007953,1.333898,1.572289,0.238391,1.459573,0.287299,0.0,0.0,False,9.470837939754034e-06,9.536429540887934e-06,1.4392916469513518e-05,1.3983654421212846e-05,4.738383837136833e-05,ok,False,False
2026-07-06_17-33_proband_06,proband_06,1783352167625,1783352197625,positive calm,positive,calm,0.832,clear,proxy,76.41903928483654,50.995112968340536,50.992682055255784,60.86956521739131,24,0.0,ok,0.6086514850282407,-1.9373783650396161,-1.2730149250339284,0.2653406127473329,-0.005659706391902982,0.44162416107382546,Contempt,1.0,149,ok,3637,1.459377,1.459032,0.010819,0.007997,1.333932,1.592095,0.258163,1.459417,0.268152,0.0,0.0,False,1.1257904339800511e-05,9.829554452870012e-06,1.5540937376374567e-05,1.4714166368699785e-05,5.134256253774488e-05,ok,False,False
2026-07-06_17-33_proband_06,proband_06,1783352172625,1783352202625,positive calm,positive,calm,0.834,clear,proxy,74.84731124095241,50.62633867722464,69.43641252696877,56.00000000000001,26,0.0,ok,0.5219581042841042,-2.0999873334328765,-1.3109727188584903,0.2623647224384694,-0.02111439307742979,0.44829530201342277,Contempt,1.0,149,ok,3607,1.45947,1.458829,0.011065,0.008715,1.333932,1.592095,0.258163,1.459512,0.260677,0.0,0.0,False,9.82170494084967e-06,1.0317987185304688e-05,1.5683905064219627e-05,1.4676178285167054e-05,5.049977547554104e-05,ok,False,False
2026-07-06_17-33_proband_06,proband_06,1783352177625,1783352207625,positive calm,positive,calm,0.837,clear,proxy,157.37471207281047,52.27882037533512,151.90622613461747,56.00000000000001,26,0.0385,ok,5.0740047576348175,-1.3713347383580208,-3.2226697479964193,0.27427086947572704,-0.031108603604928106,0.456496644295302,Neutral,1.0,149,ok,3642,1.45934,1.458745,0.011009,0.009397,1.333932,1.592095,0.258163,1.459381,0.251579,0.0,0.0,False,1.038113102459686e-05,1.0082129552384453e-05,1.4839744367398496e-05,1.4345076196586054e-05,4.9648081140965864e-05,ok,False,False
2026-07-06_17-33_proband_06,proband_06,1783352182625,1783352212625,excluded,excluded,excluded,0.0,poor_quality(hrv:artefact_fraction_exceeded),proxy,134.2013412749664,51.906568177280896,123.83438071131073,60.0,26,0.0769,poor,3.7958078930310273,-1.5354772704324644,-2.665642581731746,0.18969350823707098,-0.04743010376751601,0.4799060402684564,Neutral,1.0,149,ok,3551,1.459394,1.458582,0.011039,0.009415,1.325767,1.592095,0.266328,1.459436,0.250704,0.0,0.0,False,1.1080074990705566e-05,1.0538888731949283e-05,1.4670358777344726e-05,1.5340094766244777e-05,5.162941726624435e-05,ok,False,False
2026-07-06_17-33_proband_06,proband_06,1783352187625,1783352217625,excluded,excluded,excluded,0.0,poor_quality(hrv:artefact_fraction_exceeded),proxy,132.48652761696187,51.84102086933404,123.87641484094603,52.0,26,0.0769,poor,3.701222195500779,-1.5643799905595683,-2.6328010930301735,0.12715106391215147,-0.05655602152341382,0.5201140939597314,Neutral,1.0,149,ok,3589,1.459465,1.458961,0.011312,0.009181,1.325767,1.592095,0.266328,1.459508,0.258361,0.0,0.0,False,1.0420236377006082e-05,1.1703439252203437e-05,1.6999856042123876e-05,1.656314106516078e-05,5.568667273649418e-05,ok,False,False
2026-07-06_17-33_proband_06,proband_06,1783352192625,1783352222625,excluded,excluded,excluded,0.0,poor_quality(hrv:artefact_fraction_exceeded),proxy,131.57536594316173,51.99306759098787,121.13692189482877,50.0,27,0.0741,poor,3.6509643368250426,-1.4973358360419298,-2.574150086433486,0.06943599639314697,-0.05956805530507966,0.5545,Neutral,1.0,150,ok,3371,1.459611,1.45913,0.011219,0.009629,1.325767,1.592095,0.266328,1.459654,0.258457,0.0,0.0,False,1.1721362143296545e-05,1.0823573094388897e-05,1.587100506637039e-05,1.4885659937461846e-05,5.3301600241517674e-05,ok,False,False
2026-07-06_17-33_proband_06,proband_06,1783352197625,1783352227625,excluded,excluded,excluded,0.0,poor_quality(hrv:artefact_fraction_exceeded),proxy,129.4958886806264,52.94840682025907,126.31121283073996,48.148148148148145,28,0.0714,poor,3.536264522966507,-1.0760843272468634,-2.3061744251066854,0.02086078240449052,-0.06934027149321267,0.5819666666666666,Neutral,1.0,150,ok,3592,1.45962,1.45937,0.011081,0.009896,1.325767,1.544932,0.219164,1.459662,0.259259,0.0,0.0,False,1.2019388281920643e-05,1.0987533825753931e-05,1.5375652524850357e-05,1.5610720229629596e-05,5.399329486215453e-05,ok,False,False
2026-07-06_17-33_proband_06,proband_06,1783352202625,1783352232625,excluded,excluded,excluded,0.0,poor_quality(hrv:artefact_fraction_exceeded),proxy,133.36315371657483,53.758088601294176,112.16482834627224,50.0,27,0.0741,poor,3.749575140859051,-0.7190596584649567,-2.234317399662004,-0.010663816249633355,-0.06266862209787685,0.5909466666666666,Neutral,1.0,150,ok,3577,1.459108,1.458966,0.011363,0.009021,1.325767,1.570913,0.245146,1.459152,0.270973,0.0,0.0,False,1.2339507794764941e-05,1.2274374666355276e-05,1.7497147969056457e-05,1.769733928122592e-05,5.98083697114026e-05,ok,False,False
2026-07-06_17-33_proband_06,proband_06,1783352207625,1783352237625,neutral,neutral,calm,0.563,face_ambiguous,proxy,79.65149088372421,52.53409664926756,75.10543358403675,56.00000000000001,26,0.0,ok,0.7869470612189137,-1.2587720880880664,-1.02285957465349,-0.04912259113321706,-0.07518628210925221,0.61924,Neutral,1.0,150,ok,3564,1.459011,1.458935,0.011233,0.008554,1.325805,1.565453,0.239649,1.459054,0.280101,0.0,0.0,False,1.1775899949577674e-05,1.1400366605453952e-05,1.5445320700485935e-05,1.5155452990755275e-05,5.377704024627284e-05,ok,False,False
2026-07-06_17-33_proband_06,proband_06,1783352212625,1783352242625,neutral,neutral,calm,0.528,face_ambiguous,proxy,73.5910320623376,52.48990578734858,74.13443090867997,40.0,26,0.0,ok,0.4526642531141285,-1.2782578023641618,-0.8654610277391451,-0.07572576956904133,-0.08289902219462982,0.6400331125827815,Neutral,1.0,151,ok,3637,1.459428,1.459377,0.01107,0.008713,1.328824,1.578601,0.249777,1.45947,0.277778,0.0,0.0,False,1.257530010972756e-05,1.0388938315014112e-05,1.6163998309880764e-05,1.5569541780985878e-05,5.469777851560831e-05,ok,False,False
2026-07-06_17-33_proband_06,proband_06,1783352217625,1783352247625,neutral,neutral,calm,0.613,face_ambiguous,proxy,78.21176382105187,52.530558642287104,77.2492170734535,44.0,26,0.0,ok,0.7075345910415406,-1.2603321525478726,-0.9839333717947065,-0.094489817944854,-0.08615730256995073,0.6547466666666666,Neutral,1.0,150,ok,3576,1.459152,1.459072,0.011049,0.009197,1.33935,1.578601,0.239251,1.459193,0.283357,0.0,0.0,False,1.355980115526981e-05,9.905284913331298e-06,1.5107265770803508e-05,1.5053795014886056e-05,5.3626146854290675e-05,ok,False,False
2026-07-06_17-33_proband_06,proband_06,1783352222625,1783352252625,neutral,neutral,calm,0.663,face_ambiguous,proxy,74.30720018948367,52.574818010245345,75.20814194875855,40.0,26,0.0,ok,0.4921666570860371,-1.2408162309155664,-0.8664914440008017,-0.10513704656266447,-0.09439745588512756,0.6713533333333334,Neutral,1.0,150,ok,3784,1.459103,1.458848,0.010741,0.009183,1.33935,1.578601,0.239251,1.459143,0.277822,0.0,0.0,False,1.181773376529724e-05,1.0317727528986545e-05,1.4489554033519627e-05,1.4870421010319492e-05,5.14954363381229e-05,ok,False,False
2026-07-06_17-33_proband_06,proband_06,1783352227625,1783352257625,neutral,neutral,calm,0.699,face_ambiguous,proxy,69.2906920155947,52.12510024057738,63.196786675857545,44.0,26,0.0,ok,0.21546608231593456,-1.4391167750574647,-0.8272914286866997,-0.11253031698779174,-0.09829228039213783,0.6875133333333334,Neutral,1.0,150,ok,3604,1.459305,1.459048,0.011051,0.009795,1.33935,1.578601,0.239251,1.459346,0.266167,0.0,0.0,False,1.347797863484339e-05,1.01913008626368e-05,1.4163540010305584e-05,1.4670496042741576e-05,5.250331555052735e-05,ok,False,False
2026-07-06_17-33_proband_06,proband_06,1783352232625,1783352262625,neutral,neutral,calm,0.701,face_ambiguous,proxy,65.50389301407971,52.66000540102619,66.10783731030801,40.0,26,0.0,ok,0.006593810221986835,-1.203253325722066,-0.6049235679720264,-0.11134724564362003,-0.10005830054337643,0.7116,Neutral,1.0,150,ok,3615,1.459443,1.458982,0.010452,0.009832,1.360962,1.578601,0.217639,1.45948,0.252352,0.0,0.0,False,1.437057411810073e-05,7.5206615293220465e-06,1.1411041400463337e-05,1.1806639603542205e-05,4.5108916651428315e-05,ok,False,False
2026-07-06_17-33_proband_06,proband_06,1783352237625,1783352267625,neutral,neutral,calm,0.665,face_ambiguous,proxy,61.51328812041034,52.674361892375224,58.14631804331467,34.61538461538461,27,0.0,ok,-0.21351998795860774,-1.1969229108741406,-0.49170146145776644,-0.10263444488985429,-0.09253321151892008,0.7151133333333333,Neutral,1.0,150,ok,3496,1.459554,1.459212,0.010689,0.01003,1.348298,1.578601,0.230303,1.459593,0.25093,0.0,0.0,False,1.536816305781322e-05,8.758644624760353e-06,1.3765793991576816e-05,1.3683059408891055e-05,5.157566108304144e-05,ok,False,False
2026-07-06_17-33_proband_06,proband_06,1783352242625,1783352272625,neutral,neutral,calm,0.641,face_ambiguous,proxy,74.72719616146351,53.95324052487844,69.77542322773604,46.15384615384615,27,0.0,ok,0.5153327963246498,-0.6330085053925095,-0.5741706508585797,-0.09661396917958637,-0.08654362798695411,0.7181677852348993,Neutral,1.0,149,ok,3606,1.458953,1.458318,0.010565,0.009602,1.348298,1.577931,0.229632,1.458991,0.262136,0.0,0.0,False,1.3501675439968186e-05,9.053370727113538e-06,1.3015802551074566e-05,1.2979534362292229e-05,4.8550383080448515e-05,ok,False,False
2026-07-06_17-33_proband_06,proband_06,1783352247625,1783352277625,neutral,neutral,calm,0.634,face_ambiguous,proxy,67.86779086604365,54.34079441066115,64.9550923420483,37.03703703703704,28,0.0,ok,0.13698169591123893,-0.4621187793944465,-0.2995502376528427,-0.09504647550665463,-0.08436354504785201,0.7167933333333334,Neutral,1.0,150,ok,3638,1.459245,1.458733,0.01062,0.009715,1.348298,1.554699,0.206401,1.459284,0.236459,0.0,0.0,False,1.3569392420839522e-05,7.050809151817951e-06,1.1674618491423152e-05,1.232337245212879e-05,4.461819251620942e-05,ok,False,False
2026-07-06_17-33_proband_06,proband_06,1783352252625,1783352282625,neutral,neutral,neutral,0.481,face_ambiguous+hrv_ambiguous,proxy,58.855441234969625,55.90310129109544,69.68120908445044,29.629629629629626,28,0.0,ok,-0.3601215154275132,0.22677173239362267,0.2934466239105679,-0.07607316283287378,-0.07844730462460907,0.7204933333333332,Neutral,1.0,150,ok,3630,1.459447,1.458933,0.010834,0.010178,1.348298,1.554699,0.206401,1.459487,0.227886,0.0,0.0,False,1.596704168739426e-05,7.597133870099912e-06,1.3335730862939808e-05,1.3637056973613591e-05,5.0536963394047574e-05,ok,False,False
2026-07-06_17-33_proband_06,proband_06,1783352257625,1783352287625,neutral,neutral,neutral,0.593,face_ambiguous+hrv_ambiguous,proxy,52.4523593368306,56.08561113976277,62.456487316225,25.0,29,0.0,ok,-0.71330272835507,0.30724843298899446,0.5102755806720323,-0.033251416242023595,-0.0769661846393977,0.7212913907284768,Neutral,1.0,151,ok,3598,1.459185,1.458543,0.010643,0.0093,1.348298,1.554699,0.206401,1.459224,0.248818,0.0,0.0,False,1.4269537120766782e-05,8.75547444721777e-06,1.4436114363514117e-05,1.4013342091804822e-05,5.147446802330349e-05,ok,False,False
2026-07-06_17-33_proband_06,proband_06,1783352262625,1783352292625,neutral,neutral,neutral,0.772,face_ambiguous+hrv_ambiguous,proxy,52.04093830110348,56.58280286955643,64.63993679275552,14.814814814814813,28,0.0357,ok,-0.7359958912309417,0.5264823552636888,0.6312391232473152,0.001313324208851968,-0.08039518560304806,0.7161192052980133,Neutral,1.0,151,ok,3584,1.459483,1.459193,0.010667,0.009155,1.347443,1.554699,0.207256,1.459522,0.243651,0.0,0.0,False,1.2680632164357214e-05,8.7560591116195e-06,1.3065223582969172e-05,1.2799917298983071e-05,4.730183215792896e-05,ok,False,False
2026-07-06_17-33_proband_06,proband_06,1783352267625,1783352297625,neutral,neutral,activated,0.846,face_ambiguous,proxy,52.38497098581983,57.30854511342316,57.773813203418484,25.925925925925924,28,0.0357,ok,-0.7170197352473431,0.8464943529479031,0.7817570440976231,0.010270990113619594,-0.08160721927106387,0.7228800000000001,Neutral,1.0,150,ok,3751,1.459418,1.458873,0.010924,0.009879,1.36767,1.554787,0.187117,1.459459,0.235467,0.0,0.0,False,1.3520664106774462e-05,8.520305783703503e-06,1.3358664387129012e-05,1.301431180912919e-05,4.841394608673617e-05,ok,False,False
2026-07-06_17-33_proband_06,proband_06,1783352272625,1783352302625,neutral,neutral,activated,0.868,face_ambiguous,proxy,38.675850715548954,57.59491575916057,51.91246421512564,17.857142857142858,29,0.0,ok,-1.4731874373395544,0.9727678931683027,1.2229776652539286,0.015446832829437358,-0.08264933448860703,0.7232533333333333,Neutral,1.0,150,ok,3505,1.459662,1.459487,0.011296,0.010723,1.362301,1.558439,0.196138,1.459705,0.235445,0.0,0.0,False,1.541791870473818e-05,9.170725757900773e-06,1.4662116531206081e-05,1.3332734868317047e-05,5.258349586216209e-05,ok,False,False
2026-07-06_17-33_proband_06,proband_06,1783352277625,1783352307625,neutral,neutral,activated,0.858,face_ambiguous,proxy,41.53956805608015,58.3775078843186,44.3020310001575,21.428571428571427,29,0.0,ok,-1.315230506614611,1.3178475291688556,1.3165390178917333,0.013256639631781142,-0.08819885488391083,0.7184133333333333,Neutral,1.0,150,ok,3365,1.459601,1.459168,0.011112,0.010123,1.362138,1.558439,0.196301,1.459643,0.247027,0.0,0.0,False,1.2659330693071988e-05,1.035796799120603e-05,1.3764845124183989e-05,1.2505789838872603e-05,4.9287933647334606e-05,ok,False,False
2026-07-06_17-33_proband_06,proband_06,1783352282625,1783352312625,neutral,neutral,activated,0.808,face_ambiguous,proxy,47.26445357167024,58.11429143983166,46.58140816041198,25.0,29,0.0,ok,-0.999457252042441,1.2017837049455151,1.100620478493978,0.0018741356624954394,-0.09192912665752172,0.71442,Neutral,1.0,150,ok,3465,1.45929,1.459137,0.011314,0.009735,1.356552,1.558439,0.201887,1.459334,0.247402,0.0,0.0,False,1.65005429325773e-05,1.0603682046940618e-05,1.4577558190199411e-05,1.2360000366162045e-05,5.4041783535879373e-05,ok,False,False
2026-07-06_17-33_proband_06,proband_06,1783352287625,1783352317625,neutral,neutral,activated,0.661,face_ambiguous,proxy,51.32070551750838,58.1274652273199,46.3883423596738,40.74074074074074,28,0.0,ok,-0.7757224935369716,1.2075926131175378,0.9916575533272547,-0.032771465515637505,-0.09469523153919143,0.7166533333333333,Neutral,1.0,150,ok,3598,1.459573,1.45954,0.01134,0.009703,1.356552,1.558439,0.201887,1.459617,0.257993,0.0,0.0,False,1.715960762096536e-05,9.587019491504139e-06,1.3393112954879727e-05,1.2429785880941072e-05,5.2569525948290295e-05,ok,False,False
2026-07-06_17-33_proband_06,proband_06,1783352292625,1783352322625,neutral,neutral,neutral,0.527,face_ambiguous+hrv_ambiguous,proxy,55.17245689653489,57.49683425168555,55.20901841443764,37.03703703703704,28,0.0,ok,-0.5632675779852363,0.9295193990807448,0.7463934885329906,-0.06394916012185918,-0.09492432246103394,0.7203825503355705,Neutral,1.0,149,ok,3537,1.459423,1.459096,0.011653,0.009789,1.356552,1.558439,0.201887,1.45947,0.272907,0.0,0.0,False,1.583495531040882e-05,1.1870875438448978e-05,1.5775257585055208e-05,1.4676356421098191e-05,5.81574447550112e-05,ok,False,False
2026-07-06_17-33_proband_06,proband_06,1783352297625,1783352327625,neutral,neutral,activated,0.549,face_ambiguous,proxy,50.64547645855734,57.57395274965257,54.09563234147139,39.285714285714285,29,0.0,ok,-0.8129667802473401,0.9635243709580115,0.8882455756026758,-0.07522599244297243,-0.09499745300181928,0.7145666666666667,Neutral,1.0,150,ok,3607,1.459311,1.459115,0.011224,0.008917,1.356552,1.558439,0.201887,1.459354,0.27066,0.0,0.0,False,1.592164703264778e-05,1.0503964037190453e-05,1.4723984287816792e-05,1.4334584875878173e-05,5.5484180233533196e-05,ok,False,False
2026-07-06_17-33_proband_06,proband_06,1783352302625,1783352332625,neutral,neutral,neutral,0.534,face_ambiguous+hrv_ambiguous,proxy,56.65213399082408,57.015531817288156,54.85127675429583,42.857142857142854,29,0.0,ok,-0.48165154382923625,0.7172917730558922,0.5994716584425642,-0.08194547047910275,-0.09510650457287229,0.7150866666666666,Neutral,1.0,150,ok,3662,1.45913,1.458817,0.011335,0.008771,1.347727,1.553934,0.206208,1.459174,0.276154,0.0,0.0,False,1.4580657038203439e-05,1.0440604807165092e-05,1.4768987298764018e-05,1.4343035069282578e-05,5.413328421341512e-05,ok,False,False
2026-07-06_17-33_proband_06,proband_06,1783352307625,1783352337625,neutral,neutral,neutral,0.496,face_ambiguous+hrv_ambiguous,proxy,52.436204625769356,55.953372189841794,60.33551473737784,33.33333333333333,28,0.0,ok,-0.7141937899622566,0.24893840502313566,0.48156609749269613,-0.08009068550400356,-0.09408679290641125,0.7210266666666666,Neutral,1.0,150,ok,3776,1.45891,1.458556,0.01143,0.008778,1.34774,1.553934,0.206195,1.458955,0.26596,0.0,0.0,False,1.3687839894669434e-05,9.822200581839804e-06,1.4231679630133887e-05,1.4700395379372957e-05,5.2442115486016085e-05,ok,False,False
2026-07-06_17-33_proband_06,proband_06,1783352312625,1783352342625,neutral,neutral,neutral,0.494,face_ambiguous+hrv_ambiguous,proxy,46.470006869609335,54.65033903451067,60.69680851661448,30.76923076923077,27,0.0,ok,-1.043277345913443,-0.3256268026800716,0.3588252716166857,-0.08305133961162212,-0.08665813439918238,0.7257218543046358,Neutral,1.0,151,ok,3719,1.459377,1.458888,0.011651,0.009165,1.34774,1.553934,0.206195,1.459423,0.267886,0.0,0.0,False,1.3926769528715147e-05,9.645171197259829e-06,1.4572133511356244e-05,1.4497676251818343e-05,5.2641750489149565e-05,ok,False,False
2026-07-06_17-33_proband_06,proband_06,1783352317625,1783352347625,neutral,neutral,neutral,0.528,face_ambiguous+hrv_ambiguous,proxy,44.617717789469474,54.46234641942491,59.416329948510494,25.925925925925924,28,0.0,ok,-1.1454459132413728,-0.4085210985707786,0.3684624073352971,-0.09119962897315564,-0.07934718561444434,0.7307852348993289,Neutral,1.0,149,ok,3596,1.459377,1.458867,0.011277,0.009195,1.34774,1.555944,0.208205,1.45942,0.263143,0.0,0.0,False,1.4317574744326457e-05,8.872757742115716e-06,1.4674206827628517e-05,1.4159706839867364e-05,5.2024246153938055e-05,ok,False,False
2026-07-06_17-33_proband_06,proband_06,1783352322625,1783352352625,neutral,neutral,neutral,0.585,face_ambiguous+hrv_ambiguous,proxy,42.963809059357025,54.23378635762017,61.51064561366206,25.925925925925924,28,0.0,ok,-1.2366722165535886,-0.5093033839993705,0.36368441627710907,-0.10443581928843226,-0.07141824453184172,0.7305933333333332,Neutral,1.0,150,ok,3638,1.459167,1.458513,0.011127,0.008867,1.34774,1.581827,0.234087,1.45921,0.265329,0.0,0.0,False,1.3500919926763884e-05,7.278880726981828e-06,1.2661227575187332e-05,1.218367600897567e-05,4.562470423790872e-05,ok,False,False
2026-07-06_17-33_proband_06,proband_06,1783352327625,1783352357625,neutral,neutral,neutral,0.616,face_ambiguous+hrv_ambiguous,proxy,50.41443627191902,54.315027157513576,66.62697536399087,23.076923076923077,27,0.0,ok,-0.8257104956409611,-0.4734807060623161,0.1761148947893225,-0.09959476574707812,-0.06751804300348159,0.7295533333333333,Neutral,1.0,150,ok,3584,1.459286,1.45851,0.011262,0.009378,1.34774,1.582421,0.234681,1.459329,0.257326,0.0,0.0,False,1.5739411226919067e-05,8.892553797807317e-06,1.4914277524466534e-05,1.4866593269985589e-05,5.441283581917851e-05,ok,False,False
2026-07-06_17-33_proband_06,proband_06,1783352332625,1783352362625,neutral,neutral,neutral,0.563,face_ambiguous+hrv_ambiguous,proxy,37.172032497564615,53.785684733140265,57.25118742470291,16.0,26,0.0,ok,-1.5561350476777305,-0.7068912979277885,0.424621874874971,-0.09906333932633743,-0.06590738974095546,0.7267733333333333,Neutral,1.0,150,ok,3623,1.459878,1.459061,0.011201,0.009878,1.378264,1.582421,0.204157,1.459921,0.252623,0.0,0.0,False,1.5295378725334847e-05,7.5777553996648855e-06,1.3782439009460149e-05,1.3459625862801061e-05,5.011519899726094e-05,ok,False,False
2026-07-06_17-33_proband_06,proband_06,1783352337625,1783352367625,neutral,neutral,neutral,0.549,face_ambiguous+hrv_ambiguous,proxy,38.49525445278438,53.84922217790188,54.94916065246362,15.384615384615385,27,0.0,ok,-1.4831487666100598,-0.6788748157707315,0.40213697541966414,-0.09767866992718982,-0.06164054570861219,0.7203708609271524,Neutral,1.0,151,ok,3637,1.45971,1.459275,0.011296,0.009663,1.352403,1.582421,0.230018,1.459753,0.25385,0.0,0.0,False,1.9095815897586457e-05,9.048297852443561e-06,1.3808389578325815e-05,1.3764828699685417e-05,5.571733202804125e-05,ok,False,False
2026-07-06_17-33_proband_06,proband_06,1783352342625,1783352372625,neutral,neutral,neutral,0.584,face_ambiguous+hrv_ambiguous,proxy,44.23422506008969,54.63236967903483,58.112677905370475,14.814814814814813,28,0.0357,ok,-1.1665986065015692,-0.33355028982928847,0.41652415833614037,-0.10642366110915609,-0.06052353461476276,0.7009533333333333,Neutral,1.0,150,ok,3435,1.459083,1.458558,0.011049,0.008803,1.352403,1.582421,0.230018,1.459125,0.264123,0.0,0.0,False,1.543076849422316e-05,9.650085748657167e-06,1.4952914940357063e-05,1.4710890751822522e-05,5.474465993505991e-05,ok,False,False
2026-07-06_17-33_proband_06,proband_06,1783352347625,1783352377625,neutral,neutral,calm,0.676,face_ambiguous,proxy,68.8526855517801,54.95996743113041,67.52652744538186,34.61538461538461,27,0.0,ok,0.19130652030797218,-0.18909788682955964,-0.1902022035687659,-0.10717334940921149,-0.05745823004581625,0.6865894039735099,Neutral,1.0,151,ok,3559,1.459139,1.45857,0.011025,0.008814,1.352403,1.582421,0.230018,1.459181,0.261383,0.0,0.0,False,1.555081599109394e-05,1.0468340370726704e-05,1.4500532955194933e-05,1.474895627259916e-05,5.526864558961473e-05,ok,False,False
2026-07-06_17-33_proband_06,proband_06,1783352352625,1783352382625,neutral,neutral,calm,0.702,face_ambiguous,proxy,82.41336640959986,55.957099557006295,72.9863635157915,44.44444444444444,28,0.0,ok,0.9392866007876948,0.2505819668007433,-0.34435231699347574,-0.11399519207182457,-0.057807800618162195,0.6749337748344371,Neutral,1.0,151,ok,3632,1.459166,1.45885,0.010928,0.009165,1.352403,1.571293,0.21889,1.459206,0.261085,0.0,0.0,False,1.5247932502069196e-05,9.618517796535746e-06,1.383241133507325e-05,1.3218174294901221e-05,5.191703592857941e-05,ok,False,False
2026-07-06_17-33_proband_06,proband_06,1783352357625,1783352387625,neutral,neutral,calm,0.799,face_ambiguous,proxy,77.38719388747583,55.37609598523304,67.87815881743143,40.74074074074074,28,0.0,ok,0.6620529598650563,-0.005608320089826,-0.33383063997744117,-0.13795081771398426,-0.057101390561699335,0.6609407894736842,Neutral,1.0,152,ok,3624,1.459346,1.459287,0.010907,0.009102,1.352403,1.579211,0.226808,1.459387,0.26387,0.0,0.0,False,1.616593289382394e-05,1.06735132181795e-05,1.4708208170443037e-05,1.4238731586119445e-05,5.578638586856592e-05,ok,False,False
2026-07-06_17-33_proband_06,proband_06,1783352362625,1783352392625,neutral,neutral,calm,0.882,face_ambiguous,proxy,77.48452653176537,55.294078925715034,68.91128988065651,40.74074074074074,28,0.0,ok,0.6674216341869662,-0.04177328538205298,-0.35459745978450957,-0.15851295969463142,-0.058467318584797236,0.6454039735099338,Neutral,1.0,151,ok,3601,1.458721,1.458789,0.010733,0.009284,1.352403,1.57921,0.226807,1.45876,0.266944,0.0,0.0,False,1.5319291545771222e-05,1.0269683051206387e-05,1.384326969811671e-05,1.3656393841028037e-05,5.308863813612236e-05,ok,False,False
2026-07-06_17-33_proband_06,proband_06,1783352367625,1783352397625,negative calm,negative,calm,0.891,clear,proxy,79.02044526089922,55.460458747004445,68.52214897596907,42.30769230769231,27,0.0,ok,0.7521398446273644,0.03159096953783072,-0.36027443754476685,-0.17051994309390542,-0.05557964257157395,0.6377417218543047,Neutral,1.0,151,ok,3599,1.458983,1.458742,0.010673,0.009317,1.369444,1.57921,0.209766,1.459022,0.267371,0.0,0.0,False,1.627912913069525e-05,9.632734721579472e-06,1.3644934799103239e-05,1.3275159129496356e-05,5.2831957780874315e-05,ok,False,False
2026-07-06_17-33_proband_06,proband_06,1783352372625,1783352402625,neutral,negative,neutral,0.846,hrv_ambiguous,proxy,54.16108452498968,54.83903727023459,59.956608241251196,30.76923076923077,27,0.037,ok,-0.6190528586650869,-0.24242136730157487,0.188315745681756,-0.18010312315229324,-0.05220249809950164,0.6356510067114095,Neutral,1.0,149,ok,3770,1.459384,1.459171,0.010668,0.009404,1.369444,1.581108,0.211664,1.459423,0.256301,0.0,0.0,False,1.4890406940442977e-05,1.050857010689175e-05,1.5079147079345628e-05,1.550722848821401e-05,5.598535261489437e-05,ok,False,False
2026-07-06_17-33_proband_06,proband_06,1783352377625,1783352407625,neutral,negative,neutral,0.855,hrv_ambiguous,proxy,33.573111952183496,54.28226779252111,51.90079293895525,7.6923076923076925,27,0.037,ok,-1.7546443192547547,-0.4879257654793483,0.6333592768877032,-0.1967086080703327,-0.0561236903313915,0.6290335570469798,Neutral,1.0,149,ok,3633,1.4592,1.459135,0.010525,0.008975,1.369444,1.581108,0.211664,1.459238,0.262115,0.0,0.0,False,1.3225416246041249e-05,9.236168320725494e-06,1.5044807119222135e-05,1.5174613859829319e-05,5.268100554581819e-05,ok,False,False
2026-07-06_17-33_proband_06,proband_06,1783352382625,1783352412625,neutral,negative,neutral,0.852,hrv_ambiguous,proxy,28.96682452525515,53.670818976941426,39.120057737417994,11.538461538461538,27,0.037,ok,-2.008717936680815,-0.7575407129471634,0.6255886118668258,-0.20048732701644817,-0.05596887900241697,0.6275570469798657,Neutral,1.0,149,ok,3598,1.45923,1.459087,0.010326,0.008727,1.369444,1.581108,0.211664,1.459266,0.251321,0.0,0.0,False,1.2900461010999366e-05,9.520822007634183e-06,1.3012162329818668e-05,1.346756285905637e-05,4.890100820750859e-05,ok,False,False
2026-07-06_17-33_proband_06,proband_06,1783352387625,1783352417625,excluded,excluded,excluded,0.0,poor_quality(hrv:artefact_fraction_exceeded),proxy,33.51119216023208,53.29582886117176,29.767182347806056,13.043478260869565,24,0.0833,poor,-1.7580596913479931,-0.9228905145791066,0.41758458838444323,-0.20457072924606282,-0.053220351901750916,0.6293986486486487,Neutral,1.0,148,ok,3607,1.459166,1.458811,0.010694,0.008682,1.369444,1.581108,0.211664,1.459205,0.268441,0.0,0.0,False,9.92768482435277e-06,9.40231579356927e-06,1.2786826416998833e-05,1.3863299033737045e-05,4.598012606865792e-05,ok,False,False
2026-07-06_17-33_proband_06,proband_06,1783352392625,1783352422625,excluded,excluded,excluded,0.0,poor_quality(hrv:artefact_fraction_exceeded),proxy,30.849959481334817,53.27504951847551,27.798284396426617,8.0,26,0.0769,poor,-1.904847972423791,-0.9320530499323791,0.48639746124570593,-0.21367946222102718,-0.04632947566550148,0.623993288590604,Neutral,1.0,149,ok,3515,1.459686,1.459109,0.010699,0.00861,1.369444,1.581108,0.211664,1.459726,0.25868,0.0,0.0,False,1.0314171037414573e-05,9.411047774783863e-06,1.3057096965297459e-05,1.3226539658800144e-05,4.6008855436296035e-05,ok,False,False
2026-07-06_17-33_proband_06,proband_06,1783352397625,1783352427625,excluded,excluded,excluded,0.0,poor_quality(hrv:artefact_fraction_exceeded),proxy,35.72652537519728,53.90118116785893,43.28590435314383,11.538461538461538,27,0.0741,poor,-1.6358663344072497,-0.6559637887300303,0.48995127283860973,-0.22387821808276953,-0.04392757666285915,0.6151891891891892,Neutral,1.0,148,ok,3600,1.459611,1.459303,0.010601,0.008795,1.353869,1.581108,0.227239,1.45965,0.250625,0.0,0.0,False,1.0534314978717419e-05,9.499445809924297e-06,1.3958816360456642e-05,1.49567806042886e-05,4.8949357753386955e-05,ok,False,False
2026-07-06_17-33_proband_06,proband_06,1783352402625,1783352432625,neutral,negative,neutral,0.801,hrv_ambiguous,proxy,43.49160838598637,54.12532093539658,44.81270424264152,20.0,26,0.0,ok,-1.207559859515726,-0.5571306074230719,0.32521462604632706,-0.23313051683138075,-0.05059830486288369,0.61116,Neutral,1.0,150,ok,3593,1.45961,1.45937,0.010941,0.008784,1.353869,1.569632,0.215763,1.459651,0.260579,0.0,0.0,False,1.1577522018653386e-05,9.698391842751721e-06,1.5195499024806084e-05,1.5225244748003854e-05,5.169665763421504e-05,ok,False,False
2026-07-06_17-33_proband_06,proband_06,1783352407625,1783352437625,neutral,negative,neutral,0.788,hrv_ambiguous,proxy,48.42083149923102,54.95251017639077,56.408335243120625,26.923076923076923,27,0.0,ok,-0.9356737544149514,-0.19238612174579936,0.371643816334576,-0.23488241093729462,-0.05073712808378249,0.60856,Neutral,1.0,150,ok,3569,1.459509,1.459089,0.010956,0.009201,1.353869,1.569632,0.215763,1.45955,0.252803,0.0,0.0,False,1.3519617625830827e-05,1.0443819225136257e-05,1.4481226358950866e-05,1.4797327617944332e-05,5.3241990827862276e-05,ok,False,False
2026-07-06_17-33_proband_06,proband_06,1783352412625,1783352442625,neutral,negative,neutral,0.832,hrv_ambiguous,proxy,41.5725871218042,55.00705218617772,51.826871556988806,20.0,26,0.0,ok,-1.3134092408760698,-0.16833612650694024,0.5725365571845648,-0.22253653460683265,-0.05475076946668565,0.6086466666666667,Neutral,1.0,150,ok,3545,1.459478,1.459128,0.011386,0.009555,1.353869,1.569632,0.215763,1.459523,0.261851,0.0,0.0,False,1.3858238682611038e-05,9.016524395198607e-06,1.4280007127234065e-05,1.4612396419089063e-05,5.176716662413277e-05,ok,False,False
2026-07-06_17-33_proband_06,proband_06,1783352417625,1783352447625,neutral,negative,neutral,0.844,hrv_ambiguous,proxy,39.075019422351446,54.9676196493445,48.86467187688328,17.857142857142858,29,0.0,ok,-1.4511700884638197,-0.18572368385584334,0.6327232023039882,-0.20474478980721172,-0.0592818747768654,0.59358940397351,Neutral,1.0,151,ok,3595,1.459369,1.459258,0.010962,0.008788,1.338583,1.569632,0.231049,1.459411,0.264608,0.0,0.0,False,1.3198687574368407e-05,9.619749782130257e-06,1.4440186072512367e-05,1.5098301103765536e-05,5.235692453277657e-05,ok,False,False
2026-07-06_17-33_proband_06,proband_06,1783352422625,1783352452625,neutral,negative,neutral,0.829,hrv_ambiguous,proxy,55.241221860062005,56.75100496571294,73.10754381705736,33.33333333333333,28,0.0,ok,-0.5594746398951449,0.60065013213021,0.5800623860126775,-0.21034967448868297,-0.062201086162114755,0.5929133333333334,Neutral,1.0,150,ok,3688,1.459007,1.458838,0.011179,0.008559,1.338583,1.569632,0.231049,1.45905,0.285327,0.0,0.0,False,1.2363638246319792e-05,9.484386822328484e-06,1.6468161429802365e-05,1.7025857114980397e-05,5.5342043613431036e-05,ok,False,False
2026-07-06_17-33_proband_06,proband_06,1783352427625,1783352457625,neutral,negative,neutral,0.785,hrv_ambiguous,proxy,60.62941469225912,56.47248647013345,74.22312814293636,33.33333333333333,28,0.0,ok,-0.2622726814888299,0.4778389537598873,0.3700558176243586,-0.21497065259650094,-0.06596704248819772,0.5961920529801324,Neutral,1.0,151,ok,3557,1.459222,1.458921,0.010989,0.007705,1.338583,1.569632,0.231049,1.459264,0.313836,0.0,0.0,False,1.0011666505737712e-05,9.336588375198631e-06,1.600619184489835e-05,1.5281571714068473e-05,5.063601843990317e-05,ok,False,False
2026-07-06_17-33_proband_06,proband_06,1783352432625,1783352462625,neutral,negative,neutral,0.832,hrv_ambiguous,proxy,75.897016692734,57.60444944712972,83.92450571852373,42.857142857142854,29,0.0,ok,0.5798577611328852,0.9769717197445942,0.19855697930585448,-0.2130378220011056,-0.06653378662244336,0.5990066225165562,Neutral,1.0,151,ok,3563,1.459013,1.458735,0.010871,0.007993,1.338583,1.559319,0.220736,1.459054,0.304604,0.0,0.0,False,1.132497052239649e-05,8.930148816474762e-06,1.494853547975652e-05,1.4776503380456329e-05,4.99801581990841e-05,ok,False,False
2026-07-06_17-33_proband_06,proband_06,1783352437625,1783352467625,negative calm,negative,calm,0.879,clear,proxy,76.909037180295,56.816260272582774,89.07611482773726,40.74074074074074,28,0.0,ok,0.6356787905981204,0.6294240960097988,-0.0031273472941608094,-0.21430022500803603,-0.0640221793635487,0.5974768211920529,Neutral,1.0,151,ok,3633,1.459363,1.459252,0.010528,0.007793,1.338583,1.559319,0.220736,1.459401,0.308095,0.0,0.0,False,9.998292196560924e-06,9.205261005581427e-06,1.5032564908187512e-05,1.4042119904832076e-05,4.8278238015161936e-05,ok,False,False
2026-07-06_17-33_proband_06,proband_06,1783352442625,1783352472625,negative calm,negative,calm,0.878,clear,proxy,75.68591112523613,56.61114003123373,88.83963245965452,39.285714285714285,29,0.0,ok,0.5682135995290291,0.538977468774979,-0.014618065377025036,-0.2336085213032581,-0.05827193539404066,0.5945364238410596,Neutral,1.0,151,ok,3633,1.459432,1.459203,0.010481,0.007874,1.338583,1.559319,0.220736,1.45947,0.302313,0.0,0.0,False,1.0960395649169043e-05,9.29985922448544e-06,1.559117529650557e-05,1.499031278496075e-05,5.08417429551208e-05,ok,False,False
2026-07-06_17-33_proband_06,proband_06,1783352447625,1783352477625,negative calm,negative,calm,0.88,clear,proxy,79.32819777962287,57.067155813716504,90.18390235172929,44.44444444444444,28,0.0,ok,0.7691148590928076,0.740055086567117,-0.014529886262845293,-0.2629896666666666,-0.05352145555555555,0.6000000000000001,Neutral,1.0,150,ok,3593,1.459727,1.459278,0.010392,0.008052,1.348869,1.552517,0.203648,1.459764,0.307628,0.0,0.0,False,1.0887570675963038e-05,9.27726198323763e-06,1.392179857311975e-05,1.3215609705582788e-05,4.730224093790321e-05,ok,False,False
2026-07-06_17-33_proband_06,proband_06,1783352452625,1783352482625,negative calm,negative,calm,0.879,clear,proxy,70.2911932737797,55.92729451712773,73.84370560273135,33.33333333333333,28,0.0,ok,0.27065173408840726,0.23743960057746796,-0.016606066755469648,-0.2486467399755637,-0.050946362323669885,0.5962251655629139,Neutral,1.0,151,ok,3602,1.459682,1.459493,0.010288,0.008326,1.348869,1.552517,0.203648,1.459718,0.287698,0.0,0.0,False,1.1715534443899945e-05,9.13408895105582e-06,1.3508664400491556e-05,1.280690698695776e-05,4.7165194782405076e-05,ok,False,False
2026-07-06_17-33_proband_06,proband_06,1783352457625,1783352487625,neutral,negative,neutral,0.85,hrv_ambiguous,proxy,68.4927679339889,56.33991750226365,75.12876952660685,33.33333333333333,28,0.0,ok,0.1714541831322699,0.41938340621877185,0.12396461154325097,-0.24365546189809917,-0.046110341375740826,0.589993288590604,Neutral,1.0,149,ok,3600,1.459782,1.459615,0.010607,0.009272,1.348869,1.552517,0.203648,1.459821,0.261739,0.0,0.0,False,1.3948875822122006e-05,9.196111859120424e-06,1.4421812279830239e-05,1.3485659335224586e-05,5.1052459296297255e-05,ok,False,False
2026-07-06_17-33_proband_06,proband_06,1783352462625,1783352492625,neutral,negative,neutral,0.801,hrv_ambiguous,proxy,46.84964128879632,55.28316167034124,50.34771948303972,22.22222222222222,28,0.0357,ok,-1.0223374693398706,-0.046587188294447454,0.4878751405227116,-0.24537208635075114,-0.03697767780289901,0.5808866666666668,Neutral,1.0,150,ok,3643,1.459634,1.459481,0.010448,0.009145,1.348869,1.552517,0.203648,1.459672,0.262219,0.0,0.0,False,1.584570417755043e-05,8.72239154080137e-06,1.2964760230408863e-05,1.3412430171682114e-05,5.0945286120442776e-05,ok,False,False
2026-07-06_17-33_proband_06,proband_06,1783352467625,1783352497625,neutral,negative,neutral,0.779,hrv_ambiguous,proxy,53.903205429320764,55.817662303143074,47.92735905546795,25.925925925925924,28,0.0357,ok,-0.6332769546935135,0.1890978868295565,0.411187420761535,-0.24481122896011073,-0.028870244408577363,0.5782666666666665,Neutral,1.0,150,ok,3548,1.45955,1.459189,0.010747,0.009253,1.348869,1.568091,0.219222,1.45959,0.246405,0.0,0.0,False,1.5851491345940288e-05,8.646080251513449e-06,1.2169226132716136e-05,1.289555922399112e-05,4.956235695416099e-05,ok,False,False
2026-07-06_17-33_proband_06,proband_06,1783352472625,1783352502625,neutral,negative,neutral,0.811,hrv_ambiguous,proxy,63.06589959960686,56.209014260435104,54.05647569073074,38.46153846153847,27,0.0,ok,-0.1278810387539681,0.3616623512920226,0.24477169502299537,-0.2436449837348546,-0.02036663759370138,0.5694228187919462,Neutral,1.0,149,ok,3627,1.459503,1.459144,0.010816,0.009046,1.348869,1.56809,0.219221,1.459543,0.254275,0.0,0.0,False,1.3529735695412368e-05,8.845960435866499e-06,1.281235240452693e-05,1.3060094823683734e-05,4.824814335948953e-05,ok,False,False
2026-07-06_17-33_proband_06,proband_06,1783352477625,1783352507625,neutral,negative,neutral,0.774,hrv_ambiguous,proxy,54.86211672777356,55.914264793982554,49.91691509597135,29.629629629629626,28,0.0,ok,-0.5803853220601831,0.2316942167746134,0.4060397694173983,-0.23217836589698043,-0.012736684428656008,0.566778523489933,Neutral,1.0,149,ok,3572,1.459362,1.459183,0.010417,0.009062,1.356721,1.56809,0.211369,1.459399,0.242789,0.0,0.0,False,1.2824021049514536e-05,8.857844216175274e-06,1.354619124377334e-05,1.3664099647607065e-05,4.889215615707022e-05,ok,False,False
2026-07-06_17-33_proband_06,proband_06,1783352482625,1783352512625,neutral,negative,neutral,0.77,hrv_ambiguous,proxy,57.69909171889264,56.207969487102275,59.64492598509278,25.925925925925924,28,0.0357,ok,-0.42390344593428364,0.361201664313703,0.39255255512399334,-0.2119096714351968,-0.010072836026779875,0.5643825503355704,Neutral,1.0,149,ok,3546,1.459433,1.459217,0.010403,0.008778,1.356721,1.578239,0.221517,1.45947,0.263752,0.0,0.0,False,1.295461634037942e-05,8.653745555172417e-06,1.3342836216357489e-05,1.4074904941879352e-05,4.9026103053788675e-05,ok,False,False
2026-07-06_17-33_proband_06,proband_06,1783352487625,1783352517625,neutral,negative,neutral,0.794,hrv_ambiguous,proxy,51.75834160718372,55.890082837087064,53.26765549273894,25.925925925925924,28,0.0,ok,-0.7515833606270313,0.22103131765383377,0.48630733914043256,-0.19368961176233063,-0.008653377038277456,0.56134,Neutral,1.0,150,ok,3640,1.459074,1.458933,0.010304,0.007908,1.356721,1.578239,0.221517,1.45911,0.286892,0.0,0.0,False,9.403590128519535e-06,8.721136969793399e-06,1.2707042317974398e-05,1.3284857104439755e-05,4.4116626520727086e-05,ok,False,False
2026-07-06_17-33_proband_06,proband_06,1783352492625,1783352522625,neutral,neutral,neutral,0.695,face_ambiguous+hrv_ambiguous,proxy,67.00200915472035,57.19127303537386,74.13622250411393,38.46153846153847,27,0.0,ok,0.08922690535881336,0.7947838837196214,0.352778489180404,-0.14220753294752708,-0.012886568107766377,0.552026845637584,Neutral,1.0,149,ok,3573,1.459502,1.459491,0.010397,0.007923,1.356721,1.587846,0.231125,1.459539,0.281915,0.0,0.0,False,9.448975559234911e-06,9.135510015583697e-06,1.5226234364153358e-05,1.525999894510569e-05,4.9070718884077656e-05,ok,False,False
2026-07-06_17-33_proband_06,proband_06,1783352497625,1783352527625,neutral,neutral,neutral,0.479,face_ambiguous+hrv_ambiguous,proxy,61.91601240868627,57.02066999287241,72.86447338368323,33.33333333333333,28,0.0,ok,-0.19130652030797218,0.7195574229433918,0.45543197162568194,-0.09056691618817492,-0.01649296897380647,0.5388389261744967,Neutral,1.0,149,ok,3646,1.45914,1.459069,0.010463,0.007997,1.37531,1.587846,0.212537,1.459178,0.289438,0.0,0.0,False,9.649019566529178e-06,8.083852163829864e-06,1.3468711176645415e-05,1.3506431087383549e-05,4.470801399438801e-05,ok,False,False
2026-07-06_17-33_proband_06,proband_06,1783352502625,1783352532625,neutral,neutral,neutral,0.44,face_ambiguous+hrv_ambiguous,proxy,59.36479235564268,56.90737833594976,68.7907156640804,28.57142857142857,29,0.0,ok,-0.3320267245959914,0.6696020982269884,0.5008144114114899,-0.05510918008048289,-0.034235965794768605,0.5301333333333335,Neutral,1.0,150,ok,3506,1.459492,1.459814,0.010181,0.007923,1.35449,1.587846,0.233356,1.459527,0.295007,0.0,0.0,False,9.134452110828997e-06,7.620715169469193e-06,1.3564261543561732e-05,1.3589384796035196e-05,4.390881361989512e-05,ok,False,False
2026-07-06_17-33_proband_06,proband_06,1783352507625,1783352537625,neutral,neutral,neutral,0.535,face_ambiguous+hrv_ambiguous,proxy,68.70683830325501,57.88911477895317,75.57065967142674,37.03703703703704,28,0.0,ok,0.1832618772820556,1.102493311298788,0.45961571700836623,-0.029951683618674587,-0.04502577547539327,0.5276333333333333,Neutral,1.0,150,ok,3551,1.459221,1.459233,0.010637,0.007856,1.344797,1.587846,0.243049,1.45926,0.306761,0.0,0.0,False,8.336212697173303e-06,8.790918577915194e-06,1.547758969964428e-05,1.5295801978008886e-05,4.790052295274166e-05,ok,False,False
2026-07-06_17-33_proband_06,proband_06,1783352512625,1783352542625,neutral,neutral,neutral,0.539,face_ambiguous+hrv_ambiguous,proxy,61.88340290866005,57.12925493930017,73.65516501463651,29.629629629629626,28,0.0,ok,-0.19310519522037153,0.7674373498987809,0.4802712725595762,-0.030359084531743245,-0.04388143258004709,0.5286622516556292,Neutral,1.0,151,ok,3609,1.459535,1.459432,0.010673,0.007884,1.344028,1.587846,0.243818,1.459574,0.290743,0.0,0.0,False,8.936004642715347e-06,9.476905883201187e-06,1.543289310830552e-05,1.5611828391014744e-05,4.94576320252368e-05,ok,False,False
2026-07-06_17-33_proband_06,proband_06,1783352517625,1783352547625,neutral,neutral,neutral,0.556,face_ambiguous+hrv_ambiguous,proxy,64.2198192553139,57.80346820809248,75.36036879677,37.03703703703704,28,0.0,ok,-0.06423313449367644,1.0647279332082096,0.564480533850943,-0.0318182806436526,-0.03872797714603532,0.5274066666666666,Neutral,1.0,150,ok,3611,1.459369,1.459198,0.010727,0.00821,1.344028,1.587846,0.243818,1.459409,0.295014,0.0,0.0,False,9.703631213797965e-06,9.93346459213942e-06,1.4468253814810189e-05,1.4759281749287492e-05,4.886463137003507e-05,ok,False,False
2026-07-06_17-33_proband_06,proband_06,1783352522625,1783352552625,neutral,neutral,neutral,0.445,face_ambiguous+hrv_ambiguous,proxy,53.83307533477908,56.839327401292415,59.391568977494316,33.33333333333333,28,0.0,ok,-0.6371451906847093,0.6395954178552538,0.6383703042699815,-0.07067569032862231,-0.037196039774757564,0.5410466666666668,Neutral,1.0,150,ok,3599,1.459355,1.459086,0.010436,0.007905,1.344028,1.569267,0.225239,1.459392,0.297387,0.0,0.0,False,7.663790534446411e-06,9.553935407830434e-06,1.4262416065052354e-05,1.4153094115845503e-05,4.56332361231747e-05,ok,False,False
2026-07-06_17-33_proband_06,proband_06,1783352527625,1783352557625,neutral,neutral,neutral,0.618,face_ambiguous+hrv_ambiguous,proxy,54.12468458551496,56.749087961086346,60.19465778120866,33.33333333333333,28,0.0,ok,-0.6210606066493672,0.599804839624076,0.6104327231367217,-0.1123523080803834,-0.0330837107061777,0.5550066666666666,Neutral,1.0,150,ok,3609,1.4595,1.459238,0.010446,0.007914,1.344028,1.569267,0.225239,1.459537,0.289634,0.0,0.0,False,1.0567187105145964e-05,9.884748991038845e-06,1.445292765966394e-05,1.4519008548279248e-05,4.9423872304127996e-05,ok,False,False
2026-07-06_17-33_proband_06,proband_06,1783352532625,1783352562625,neutral,neutral,neutral,0.621,face_ambiguous+hrv_ambiguous,proxy,52.33949824867523,56.45189392619437,62.52550476756463,30.76923076923077,27,0.0,ok,-0.7195279206360906,0.4687587862775144,0.5941433534568025,-0.1137773113753175,-0.020253336036347592,0.5590466666666667,Neutral,1.0,150,ok,3677,1.459156,1.45895,0.01043,0.008149,1.344028,1.569294,0.225266,1.459193,0.279652,0.0,0.0,False,1.1607146694425471e-05,9.444344482568167e-06,1.344421644200802e-05,1.3317400564569645e-05,4.7813108183571304e-05,ok,False,False
2026-07-06_17-33_proband_06,proband_06,1783352537625,1783352567625,neutral,neutral,neutral,0.599,face_ambiguous+hrv_ambiguous,proxy,38.40669308953941,55.35055350553505,46.30734682931393,22.22222222222222,28,0.0,ok,-1.4880336345825382,-0.016871134157823323,0.7355812502123574,-0.10029664512831746,-0.015940909478090508,0.54786,Neutral,1.0,150,ok,3647,1.459173,1.459097,0.01058,0.008019,1.344028,1.553785,0.209757,1.459211,0.285518,0.0,0.0,False,1.166414878431788e-05,9.137726838948036e-06,1.2826780800430764e-05,1.334070917608254e-05,4.696936559977922e-05,ok,False,False
2026-07-06_17-33_proband_06,proband_06,1783352542625,1783352572625,neutral,neutral,activated,0.533,face_ambiguous,proxy,41.55317877932646,56.33991750226365,53.86642061471385,25.925925925925924,28,0.0,ok,-1.3144797662958982,0.41938340621877185,0.866931586257335,-0.08413849835106253,-0.019477881921198148,0.5377199999999999,Neutral,1.0,150,ok,3580,1.45876,1.458883,0.010362,0.007919,1.351825,1.555895,0.20407,1.458797,0.298687,0.0,0.0,False,1.0489747327783738e-05,9.199225890812372e-06,1.4027127163979575e-05,1.4841401778383787e-05,4.855750216095947e-05,ok,False,False
2026-07-06_17-33_proband_06,proband_06,1783352547625,1783352577625,neutral,neutral,activated,0.477,face_ambiguous,proxy,36.42597770619002,55.784300703944744,46.01000581309065,18.51851851851852,28,0.0,ok,-1.597285940375929,0.1743872755958552,0.8858366079858921,-0.0626463558683086,-0.030708331239004776,0.5270198675496689,Neutral,1.0,151,ok,3576,1.459359,1.459486,0.010743,0.007961,1.351825,1.584124,0.232299,1.459398,0.287552,0.0,0.0,False,1.1965140933644842e-05,9.464758338472314e-06,1.5241772739264724e-05,1.597371059025719e-05,5.264538260163907e-05,ok,False,False
2026-07-06_17-33_proband_06,proband_06,1783352552625,1783352582625,neutral,neutral,activated,0.521,face_ambiguous,proxy,39.82865085050495,55.9791525914487,49.05468447524168,21.428571428571427,29,0.0,ok,-1.4096012836086234,0.2603061294308707,0.834953706519747,-0.05189786616418822,-0.027636063862293742,0.5201589403973511,Neutral,1.0,151,ok,3552,1.458946,1.459201,0.01089,0.008176,1.351757,1.584124,0.232367,1.458987,0.287525,0.0,0.0,False,1.1425736744996678e-05,8.767752108185872e-06,1.3216685019651809e-05,1.3957940974020105e-05,4.736811484685447e-05,ok,False,False
2026-07-06_17-33_proband_06,proband_06,1783352557625,1783352587625,neutral,neutral,activated,0.554,face_ambiguous,proxy,43.529045220149015,56.27198124267292,50.40328105134368,25.925925925925924,28,0.0,ok,-1.2054949184907526,0.38942729117854624,0.7974611048346494,-0.04376556173926456,-0.028865737825019604,0.5152516556291391,Neutral,1.0,151,ok,3568,1.459045,1.459369,0.010501,0.008128,1.35689,1.584124,0.227234,1.459082,0.287917,0.0,0.0,False,1.0626321528333017e-05,8.611937862970186e-06,1.5453021589448974e-05,1.631627756643946e-05,5.1007558547191633e-05,ok,False,False
2026-07-06_17-33_proband_06,proband_06,1783352562625,1783352592625,neutral,neutral,activated,0.479,face_ambiguous,proxy,43.36267321754309,56.34897503157486,48.128087515314526,25.0,29,0.0,ok,-1.2146716659714656,0.4233772732886001,0.8190244696300328,-0.07255717250423335,-0.028295570579173195,0.5201523178807946,Neutral,1.0,151,ok,3606,1.45907,1.459309,0.010776,0.008293,1.35689,1.584124,0.227234,1.45911,0.295978,0.0,0.0,False,1.1389214425635216e-05,9.150935595829336e-06,1.4682608928531861e-05,1.5338263281045614e-05,5.056102223104203e-05,ok,False,False
2026-07-06_17-33_proband_06,proband_06,1783352567625,1783352597625,neutral,neutral,activated,0.662,face_ambiguous,proxy,48.86257999878774,58.46243788365975,74.76683295649768,31.03448275862069,30,0.0,ok,-0.911307789186908,1.3552969390415341,1.133302364114221,-0.11471606348890932,-0.032373419608037954,0.5332317880794702,Neutral,1.0,151,ok,3344,1.459163,1.459548,0.010334,0.008275,1.358227,1.584124,0.225897,1.4592,0.283278,0.0,0.0,False,1.2258175373986861e-05,7.94631847778468e-06,1.3154894838455777e-05,1.2869146438049644e-05,4.622853512827696e-05,ok,False,False
2026-07-06_17-33_proband_06,proband_06,1783352572625,1783352602625,neutral,neutral,activated,0.834,face_ambiguous,proxy,60.23316763012402,58.75632446548066,80.84514074209528,34.48275862068966,30,0.0,ok,-0.2841288782781491,1.4848845893896987,0.8845067338339239,-0.15436817264779606,-0.024368429418597543,0.5452333333333333,Neutral,1.0,150,ok,3556,1.459642,1.459873,0.011041,0.008679,1.358227,1.584133,0.225906,1.459683,0.286639,0.0,0.0,False,1.2193147505430892e-05,9.643506766567871e-06,1.69648492952147e-05,1.6230801658422766e-05,5.5032305225636227e-05,ok,False,False
2026-07-06_17-33_proband_06,proband_06,1783352577625,1783352607625,neutral,negative,neutral,0.861,hrv_ambiguous,proxy,73.70888684548153,59.78278919924275,87.3938699552041,41.37931034482759,30,0.0,ok,0.45916488764016566,1.9374984929892294,0.7391668026745318,-0.19199335757575758,-0.008891042424242426,0.5536912751677853,Neutral,1.0,149,ok,3435,1.459462,1.459705,0.010993,0.008212,1.33062,1.57747,0.246851,1.459504,0.296447,0.0,0.0,False,1.0729888500867527e-05,9.633309117112843e-06,1.7519187717157525e-05,1.653294451382534e-05,5.4415329848963234e-05,ok,False,False
2026-07-06_17-33_proband_06,proband_06,1783352582625,1783352612625,neutral,negative,neutral,0.866,hrv_ambiguous,proxy,71.91996580561953,59.629445588130906,92.26666551977245,33.33333333333333,28,0.0,ok,0.3604915748915474,1.8698824822929805,0.7546954537007166,-0.2139454483958253,-0.001435446463084654,0.5555973154362416,Neutral,1.0,149,ok,3590,1.459726,1.459713,0.011132,0.008547,1.33062,1.57747,0.246851,1.459769,0.281415,0.0,0.0,False,1.0523653760821118e-05,9.244411846688607e-06,1.6652726698563303e-05,1.5846837695671646e-05,5.226763000174467e-05,ok,False,False
2026-07-06_17-33_proband_06,proband_06,1783352587625,1783352617625,neutral,negative,neutral,0.856,hrv_ambiguous,proxy,68.9720440261332,59.06915164477034,96.43934258397637,28.57142857142857,29,0.0,ok,0.19789009543879543,1.6228239906308828,0.7124669475960437,-0.21970134010979783,-0.003257701436003166,0.5599060402684565,Neutral,1.0,149,ok,3449,1.459562,1.459653,0.011328,0.008182,1.33062,1.57747,0.246851,1.459605,0.304524,0.0,0.0,False,9.786144817449303e-06,8.704885616499294e-06,1.581374387340645e-05,1.502530838819016e-05,4.933008269554521e-05,ok,False,False
2026-07-06_17-33_proband_06,proband_06,1783352592625,1783352622625,negative activated,negative,activated,0.867,clear,proxy,67.28903933639427,59.15701257086517,98.02819889081803,25.925925925925924,28,0.0,ok,0.10505891708739558,1.661565776320781,0.7782534296166926,-0.20624398567414715,-0.000609403451228189,0.5565570469798657,Neutral,1.0,149,ok,3443,1.4597,1.459664,0.011075,0.007942,1.33062,1.57747,0.246851,1.459742,0.30244,0.0,0.0,False,7.579477872319074e-06,9.002280363789103e-06,1.6870021719855823e-05,1.611205081492757e-05,4.9563830770891573e-05,ok,False,False
2026-07-06_17-33_proband_06,proband_06,1783352597625,1783352627625,excluded,excluded,excluded,0.0,poor_quality(hrv:artefact_fraction_exceeded),proxy,60.36969438385455,57.00211118930331,81.62638113297746,15.384615384615385,27,0.0741,poor,-0.2765983351355377,0.7113740219425958,0.4939861785390668,-0.18349933459495757,0.013275599780233197,0.5496979865771812,Neutral,1.0,149,ok,3693,1.459674,1.459415,0.011218,0.008281,1.33062,1.57747,0.246851,1.459717,0.293879,0.0,0.0,False,9.624894265070237e-06,9.459280694279356e-06,1.6696390619796414e-05,1.5370458716232605e-05,5.115102429537861e-05,ok,False,False
2026-07-06_17-33_proband_06,proband_06,1783352602625,1783352632625,excluded,excluded,excluded,0.0,poor_quality(hrv:artefact_fraction_exceeded),proxy,43.216663452885854,55.672531315798864,65.42755241780496,12.0,26,0.1154,poor,-1.2227252730627474,0.12510318681257382,0.6739142299376606,-0.09931130616866121,0.009103066678029242,0.5512818791946309,Neutral,1.0,149,ok,3566,1.459633,1.459373,0.010674,0.008099,1.330613,1.565563,0.23495,1.459672,0.284712,0.0,0.0,False,9.175179931106096e-06,8.777550297727377e-06,1.458043840881167e-05,1.4211317020904108e-05,4.674448565854925e-05,ok,False,False
2026-07-06_17-33_proband_06,proband_06,1783352607625,1783352637625,neutral,neutral,activated,0.601,face_ambiguous,proxy,37.897127960998674,55.65480280335303,63.42586582649429,7.6923076923076925,27,0.0,ok,-1.5161402296607474,0.11728589805515793,0.8167130638579526,-0.03499060740415033,-0.004802865413506285,0.5458200000000001,Neutral,1.0,150,ok,3683,1.45985,1.459351,0.010538,0.008568,1.336975,1.565563,0.228587,1.459888,0.26616,0.0,0.0,False,9.691304214483583e-06,8.076246325961861e-06,1.2632588742934367e-05,1.3123103104834178e-05,4.352324238821399e-05,ok,False,False
2026-07-06_17-33_proband_06,proband_06,1783352612625,1783352642625,neutral,neutral,neutral,0.692,face_ambiguous+hrv_ambiguous,proxy,62.15648454850525,57.655985950495385,105.95257559805741,25.0,29,0.0,ok,-0.17804255720900963,0.9996964536774521,0.5888695054432309,0.0051877344665885155,-0.011411195779601407,0.5415873015873015,Neutral,0.84,150,ok,3603,1.459584,1.459293,0.010724,0.008954,1.355539,1.565563,0.210023,1.459623,0.270961,0.0,0.0,False,1.1598300358236146e-05,1.7749300741544182e-05,1.3458410941302531e-05,1.3925591791700403e-05,5.6731603832783263e-05,ok,False,False
2026-07-06_17-33_proband_06,proband_06,1783352617625,1783352647625,positive activated,positive,activated,0.794,clear,proxy,59.52782962615049,64.22732580770729,181.99544200086692,21.875,33,0.0,ok,-0.32303391427959,3.8972921399421394,2.1101630271108647,0.057065432902445826,-0.010251966892960103,0.5323267326732674,Neutral,0.6733,150,ok,3652,1.459565,1.459258,0.010826,0.008941,1.318259,1.565563,0.247304,1.459605,0.251986,0.0,0.0,False,1.2239311267807886e-05,1.8437972614010865e-05,1.32913333900473e-05,1.312855083299497e-05,5.709716810486102e-05,ok,False,False
